;urls
0;https://www.tokopedia.com/legitsnack/mix-nuts-kacang-campur-500-gr?src=topads
1;https://www.tokopedia.com/jasminestarmall/promo-kuaci-kupas-mola-original?src=topads
2;https://www.tokopedia.com/reddragonsnack/kacang-bali-kacang-kapri-cap-tari-bali-meman-murah-rd-snack-jakarta-cap-tari-bali?src=topads
3;https://www.tokopedia.com/ponchan2/keripik-setan-keripik-super-pedas-riki-asli?whid=0
4;https://www.tokopedia.com/lisdhacollection/baso-aci-isi-daging-ayam-garut?whid=0
5;https://www.tokopedia.com/indosutera/makaroni-ngehe-asin-lvl-0-tanpacabe?whid=0
6;https://www.tokopedia.com/seted-snack/kacang-telur-medan-satelit-palapa-1kg?src=topads
7;https://www.tokopedia.com/molagranolapusat/almond-roasted-1-kg-almond-panggang-utuh-kacang-almond?whid=0
8;https://www.tokopedia.com/nayra123/boci-baso-aci?whid=0
9;https://www.tokopedia.com/foodist/baso-aci-garut-boci-mantap-jiwa-boci-original?whid=0
10;https://www.tokopedia.com/dj-s-baby-shop/keripik-singkong-lumba-lumba-manis-500-gr-manis?whid=0
11;https://www.tokopedia.com/nourishindonesia/roasted-cashew-pieces-kacang-mede-belah-2-panggang-100-gr?whid=0
12;https://www.tokopedia.com/mamasukaofficial/mamasuka-rumput-laut-panggang-jagung-bakar-isi-2
13;https://www.tokopedia.com/gratiascatering/bandeng-presto-duri-lunak-dengan-sambal-spesial-dalam-plastik-vacuum?src=topads
14;https://www.tokopedia.com/amutjakarta/party-of-4-western-rosemary-roast-chicken-2-rbp-2-nasi-j-microwave-safe?src=topads
15;https://www.tokopedia.com/momomaru/baked-salmon-kani-mentai?whid=0
16;https://www.tokopedia.com/samwonshop/korean-kimchi-samwon?whid=0
17;https://www.tokopedia.com/luckytakoyaki/katsuobushi-cakalang-asap-1kg-1?whid=0
18;https://www.tokopedia.com/lumpiasmg-jkt/lumpia-basah-semarang-besar?whid=0
19;https://www.tokopedia.com/eidellovadurian/pancake-durian?whid=0
20;https://www.tokopedia.com/samwonshop/kimchi-sawi-fresh-1-kg-samwon-makanan-korea?whid=0
21;https://www.tokopedia.com/parisdijakarta/ayam-afrika-family-isi-5-potong?whid=0
22;https://www.tokopedia.com/bearlybaker/mix-bearly-brownies-mini-box-6pcs?whid=0
23;https://www.tokopedia.com/doughlab/the-og-10-pcs?whid=0
24;https://www.tokopedia.com/bumburujakguyur/ayam-ungkep-jakarta-ayam-ungkep-bumbu-kuning-ayam-ungkep-laos-dada-10?whid=0
25;https://www.tokopedia.com/izishop-sby/kering-kentang-khas-bu-rudy?src=topads
26;https://www.tokopedia.com/panenrayaoleh2/srundeng-kelapa-serundeng-solo-siap-makan-208a?whid=1185510
27;https://www.tokopedia.com/kimchiya/kimchi-sawi-fresh-kim-chi-ya-250gr-halal-murah-enak-bergizi-original-250gr?whid=10763400
28;https://www.tokopedia.com/summerjoy/almond-panggang-150-gr-tanpa-kulit?whid=4177191
29;https://www.tokopedia.com/izishop-sby/kering-kentang-khas-bu-rudy?whid=2032707
30;https://www.tokopedia.com/bkenzstyle/arum-manis-rambut-nenek-arbanat-sweety-75gr-green-tea?src=topads
31;https://www.tokopedia.com/tys-shop/homemade-traditional-korean-fresh-kimchi-800-gram-kim-chi-korea?whid=266196
32;https://www.tokopedia.com/burudysurabaya/teri-oven-bu-rudy?whid=1904280
33;https://www.tokopedia.com/burudysurabaya/teri-kacang-balado?whid=1904280
34;https://www.tokopedia.com/mujia-online/murah-otak-otak-bandeng-enak-dijamin-khas-gresik-medium?whid=2307279
35;https://www.tokopedia.com/hossanajaya21/dendeng-sapi-bawang-putih-tomat-250-gram?whid=4215685
36;https://www.tokopedia.com/bkenzstyle/teri-nasi-kriuk-aceh-teri-medan-oven-crispy-krispi-siap-makan-120gr-bbq?src=topads
37;https://www.tokopedia.com/izishop-sby/kering-tempe-khas-bu-rudy?whid=2032707
38;https://www.tokopedia.com/seafoodsurabaya/fillet-ikan-kakap-balut-tepung-gurih-lezat-kemasan-1kg-isi-18-pcs?whid=2050098
39;https://www.tokopedia.com/spesialsaladsimo/salad-buah-topping-keju-750ml-manis-enak?whid=6815764
40;https://www.tokopedia.com/officialkartika/pisang-bollen-keju-special-regular?src=topads
41;https://www.tokopedia.com/gyumboxid/sei-sapi-wagyu-daging-asap-frozen-food-makanan-instan-beef-gyumbox?src=topads
42;https://www.tokopedia.com/officialkartika/pisang-bollen-cokelat-keju-regular?src=topads
43;https://www.tokopedia.com/serasajakarta/beef-rainbow-roll-by-serasa-salad?src=topads
44;https://www.tokopedia.com/universalmart/nasi-tumpeng-kuning-porsi-5-orang?src=topads
45;https://www.tokopedia.com/ulf4/nasi-kebuli-instan-briyani-kabsah-mandhi-khas-arab-mandhi?whid=0
46;https://www.tokopedia.com/timmcatering/nasi-tumpeng-kuning-super-uduk?whid=0
47;https://www.tokopedia.com/blackstonegrill/nasi-tumpeng-kuning-super?whid=0
48;https://www.tokopedia.com/universalmart/nasi-tumpeng-mini-8-sekat-siap-saji-porsi-bervariasi-ekonomis?src=topads
49;https://www.tokopedia.com/noviskitchen/nasi-tumpeng-mini-tumpeng-nasi-kuning-tumpeng-hemat-size-mika-d-20-tumpeng-saja?src=topads
50;https://www.tokopedia.com/bugar-/sukiyaki-tomyam-seafood-steamboat-halal?src=topads
51;https://www.tokopedia.com/parisdijakarta/ayam-afrika-family-isi-5-potong?src=topads
52;https://www.tokopedia.com/luckytakoyaki/katsuobushi-halus-cakalang-asap-taburan-takoyaki-okonomiyaki?src=topads
53;https://www.tokopedia.com/quinnland/crispy-ikan-sipetek-50gr-original?whid=0
54;https://www.tokopedia.com/bugar-/sukiyaki-tomyam-seafood-steamboat-halal?whid=0
55;https://www.tokopedia.com/lemariwanita/bandeng-isi-ciwidey-bandeng-teteh-230-270gr-original-termurah?whid=0
56;https://www.tokopedia.com/lumia435/otaji-oseng-tuna-asap-original?whid=0
57;https://www.tokopedia.com/unietty/teri-kacang-balado-teri-medan-teri-nasi-vakum-bening?whid=0
58;https://www.tokopedia.com/lokasajicinere/lokasaji-bakso-cuanki?whid=0
59;https://www.tokopedia.com/naturallyoufm/baso-bakso-sapi-monalisa-m-100pcs?src=topads
60;https://www.tokopedia.com/omaelly/oma-elly-kitchen-quattro-formaggi-pizza?whid=0
61;https://www.tokopedia.com/momomaru/salmon-kani-mentai-family-pack?whid=0
62;https://www.tokopedia.com/kiddiesworld123/coipan-kulit-tipis-home-made-by-kiddies-world-mom-since-1999?whid=0
63;https://www.tokopedia.com/serasajakarta/chicken-potato-salad-by-serasa?src=topads
64;https://www.tokopedia.com/serasajakarta/salad-roll-by-serasa?src=topads
65;https://www.tokopedia.com/kombinistore/salad-sayuran-segar?src=topads
66;https://www.tokopedia.com/samwonshop/kimchi-sawi-fresh-1-kg-samwon-makanan-korea?src=topads
67;https://www.tokopedia.com/kimchi-id/kimchi-fresh-homemade-1-kg-tdk-bubble-wrap-potong-normal?src=topads
68;https://www.tokopedia.com/serasajakarta/beef-rainbow-roll-by-serasa-salad?whid=0
69;https://www.tokopedia.com/kimchi-heaven/fresh-korean-kimchi-mix-sawi-lobak-timun-per-100g-halal-fresh?whid=0
70;https://www.tokopedia.com/serasajakarta/salad-wrap-by-serasa?whid=0
71;https://www.tokopedia.com/kokinadago/kokina-kimchi-500-gr-homemade?whid=0
72;https://www.tokopedia.com/kimchi-heaven/kimchi-daun-bawang-pa-kimchi-500g?whid=0
73;https://www.tokopedia.com/serasajakarta/salad-roll-by-serasa?whid=0
74;https://www.tokopedia.com/felixlagusta/kimchi-homemade-authentic-korea-500-gram?whid=0
75;https://www.tokopedia.com/majujayavg/greenfarm-crispy-g-400-gr-kui-fei-vegetarian?whid=0
76;https://www.tokopedia.com/ykonlineshopping/lobak-asin-special-cap-garuda-500gr?whid=0
77;https://www.tokopedia.com/kotokimchi/koto-kimchi-classic?whid=0
78;https://www.tokopedia.com/dapursakinahku/kimchi-original-kimci-kimchi-non-alkohol-kimchi-halal-1kg?src=topads
79;https://www.tokopedia.com/kimchi-heaven/fresh-korean-kimchi-sawi-baechu-kimchi-per-100g-halal-authentic-ktaste-fresh?whid=0
80;https://www.tokopedia.com/ykonlineshopping/lobak-manis-chai-po-cai-po?whid=0
81;https://www.tokopedia.com/jinjjakstore/jinjja-kimchi-1kg-fresh-hand-made-asli-buatan-orang-korea?src=topads
82;https://www.tokopedia.com/plazakorea/plaza-korea-kimchi-mix-sawi-wortel-lobak-fresh-500-gram-makanan-korea?whid=0
83;https://www.tokopedia.com/dapursakinahku/kimchi-daun-bawang-200gr?src=topads
84;https://www.tokopedia.com/ceunahkeuken/lontong-pre-order?whid=0
85;https://www.tokopedia.com/duniasayuronline/oncom-per-papan?whid=0
86;https://www.tokopedia.com/serasajakarta/mexican-tuna-salad-by-serasa-dengan-tuna?src=topads
87;https://www.tokopedia.com/lilith666/manisan-sanca-koin-haw-flakes-300gr-sanca-koin-manisan-buah-haw?src=topads
88;https://www.tokopedia.com/asinanmamaku/asinan-buah-kekinian?whid=0
89;https://www.tokopedia.com/durianzamannow/promo-pancake-durian-medan-rainbow-isi-21-packaging-plastik-free-rainbow?whid=0
90;https://www.tokopedia.com/dapurmamski/salad-buah-large-750ml-ala-kewpie-mayo-yogurt?whid=0
91;https://www.tokopedia.com/kebunkita/dark-raisin-1kg-kismis?whid=0
92;https://www.tokopedia.com/dapurmamski/salad-buah-1000ml-extra-large-segar?whid=0
93;https://www.tokopedia.com/dapoerkulovers/asinan-jamboi-jambu-kiamboi?whid=0
94;https://www.tokopedia.com/asinanmeremmelek/asinan-lengkeng-mangga?whid=0
95;https://www.tokopedia.com/eidellovadurian/daging-durian-cup?whid=0
96;https://www.tokopedia.com/fruiuitsalad/fruit-salad-salad-buah-ukuran-size-m-400gr?whid=0
97;https://www.tokopedia.com/asahealthyshop/goji-berry-50-gram?whid=0
98;https://www.tokopedia.com/legitsnack/manisan-mangga-putih-kering-asinan-kulit-mangga-150-gram?whid=0
99;https://www.tokopedia.com/kingdurian84/durian-cup?whid=0
100;https://www.tokopedia.com/sayurbox/ijoijo-kitchen-buah-nenas-potong-350-gram-sayurbox?whid=0
101;https://www.tokopedia.com/bgkstore/manisan-buah-tanpa-biji-kiamboy-1?whid=0
102;https://www.tokopedia.com/freshdessert/asinan-bogor-buah-8d4d?src=topads
103;https://www.tokopedia.com/asinanmeremmelek/asinan-mix-mangga-salak-jambu-mutiara?whid=0
104;https://www.tokopedia.com/dapurmamski/salad-buah-300ml-small-buah-segar?whid=0
105;https://www.tokopedia.com/lelaricky/asinan-buah?whid=0
106;https://www.tokopedia.com/saladbuahdelima/salad-buah-de-lima-1500-ml?whid=0
107;https://www.tokopedia.com/ohayo-mart/labi-kulit-jeruk-kering-manisan-jeruk-asinan-jeruk-permen-jeruk-25g?whid=0
108;https://www.tokopedia.com/thingthingshop-1/asinan-mangga-muda-asinan-mangga-muda-best-seller-asinan-kekinian-s-cocol-terasi?src=topads
109;https://www.tokopedia.com/kaisar-burung/asinan-tulang-sotong-ukuran-10-15-cm?whid=0
110;https://www.tokopedia.com/genkiplant/mixed-nut-and-dried-fruit-250g?src=topads
111;https://www.tokopedia.com/duriansiucok-bsd/daging-durian-paket-2-kg-daging-durian?src=topads
112;https://www.tokopedia.com/officialkartika/pisang-bollen-keju-special-besar?src=topads
113;https://www.tokopedia.com/asahealthyshop/goji-berry-50-gram?src=topads
114;https://www.tokopedia.com/jualtiketancol/pia-durian-vietnam-isi-400-gram
115;https://www.tokopedia.com/gadsaonline/pisang-lumer-merk-chuhasa-isi-10-biji
116;https://www.tokopedia.com/bolabolujkt/bolu-jadul-25x25-cm-topping-meses-keju-nougat-keju?src=topads
117;https://www.tokopedia.com/chanpatisserie/brownies-fudgy-dark-chocolate-termurah-box-only?src=topads
118;https://www.tokopedia.com/finsrecipe/kue-ijo-fins-recipe?src=topads
119;https://www.tokopedia.com/finayangkitchen/choipan-chaikue-bengkuang?src=topads
120;https://www.tokopedia.com/sweetwhite/termurah-brownies-panggang-primarasa-original-prima-rasa-bandung-promo-polos?whid=0
121;https://www.tokopedia.com/fudgybro/fudgy-bro-mixed-box-bronie-basic-option?whid=0
122;https://www.tokopedia.com/chanpatisserie/brownies-fudgy-dark-chocolate-termurah-box-only?whid=0
123;https://www.tokopedia.com/mmsnacksbintaro/lapis-talas-bogor-sangkuriang-via-gokilat-only?whid=0
124;https://www.tokopedia.com/bearlybaker/brownies-mix-8-topping-brownies-1?whid=0
125;https://www.tokopedia.com/livanaspikoejkt/cake-seriboe-lapis?whid=0
126;https://www.tokopedia.com/finsrecipe/ongol-ongol-fins-recipe?whid=0
127;https://www.tokopedia.com/gemblongku/gemblong?whid=0
128;https://www.tokopedia.com/kangenrasaoleh2/brownies-prima-rasa-choco-chip?whid=0
129;https://www.tokopedia.com/kangenrasaneoleholeh/bakpia-kukus-tugu-jogja-gratis-bubble-gratis-kardus-brownies-coklat?whid=0
130;https://www.tokopedia.com/bakpiakukusyogyakarta/termurah-bakpia-kukus-tugu-jogja-free-bubble-wrap-ori-strawberry?whid=0
131;https://www.tokopedia.com/mayasarijakarta/mayasari-bolen-2-rasa-coklat-keju?whid=0
132;https://www.tokopedia.com/kangenrasaoleh2/pia-legong-bali-mix-coklat-keju?whid=0
133;https://www.tokopedia.com/lvcakejkt/paket-komplit-lapis-legit-bangka-1-box?whid=0
134;https://www.tokopedia.com/gemblongku/gemblong-isi-15-pcs?whid=0
135;https://www.tokopedia.com/finayangkitchen/choipan-chaikue-bengkuang?whid=0
136;https://www.tokopedia.com/boensbakery/soes-jumbo-besar-varian-rasa-boens-soes-original?whid=0
137;https://www.tokopedia.com/zulaikhacake/pinggiran-kue-lapis-legit-wisman-250-gram?whid=0
138;https://www.tokopedia.com/gitaria/terlaris-pinggiran-kue-lapis-legit-wisman-by-lynn-cake-250-gr-termurah?src=topads
139;https://www.tokopedia.com/amelimkitchen/mooncake-moon-cake-kue-bulan-ame-lim-kotak-ekonomis?whid=0
140;https://www.tokopedia.com/choipansiam91/choipan-bengkoang-e326?whid=0
141;https://www.tokopedia.com/archive-moacigemini/moaci-gemini-rasa-original-isi-10-wijen?whid=0
142;https://www.tokopedia.com/oleholehenakbali/pie-susu-enaaak-original-isi-10?whid=0
143;https://www.tokopedia.com/pelanginaget/risol-bihun-untuk-soto-mie-isi-10?whid=0
144;https://www.tokopedia.com/lovetoshare/bacang-bakcang-ketan-medan-special-samcan-super-enak?src=topads
145;https://www.tokopedia.com/whencake/bolu-gulung-medan-rasa-keju-when-cake-panjang?src=topads
146;https://www.tokopedia.com/bakpiakukustugujogja/bakpia-kukus-tugu-jogja-isi-10-original-brownies-kue-bolu-terlaris-brownies-cokelat?src=topads
147;https://www.tokopedia.com/officialkartika/banana-roll-pandan?src=topads
148;https://www.tokopedia.com/choipansiam91/choipan-khas-pontianak-30pcs-bisa-di-mix?src=topads
149;https://www.tokopedia.com/lesucremacaron/brownies-small-size-9-pc
150;https://www.tokopedia.com/endorphinsid/lotus-biscoff-chocolate-chip-cookies-non-vegan?whid=0
151;https://www.tokopedia.com/importir-253/kue-nastar-enak-kue-nastar-legit-kue-nastar-wangi-nastar-premium?src=topads
152;https://www.tokopedia.com/piaagungbali/pia-bali-durian-enak-pia-agung-bali-harga-promosi?src=topads
153;https://www.tokopedia.com/miraclenight/pia-legong-ori-bali-rasa-mix-coklat-keju?whid=0
154;https://www.tokopedia.com/suruga-ya/bakpia-pathok-25-all-variant-keju?whid=0
155;https://www.tokopedia.com/curate/lemonilo-brownies-crispy-rasa-chocochips-keju-cemilan-diet-sehat-keju?whid=0
156;https://www.tokopedia.com/piaagungbali/pia-bali-durian-enak-pia-agung-bali-harga-promosi?whid=0
157;https://www.tokopedia.com/guguru/paket-kue-kering-special-lebaran-murah-meriah-edisi-kue-florence-florence?whid=0
158;https://www.tokopedia.com/suruga-ya/bakpia-kurnia-sari-all-variant-kacang-ijo?whid=0
159;https://www.tokopedia.com/bakpiakukustugujogja/bakpia-kukus-tugu-jogja-paket-hemat-free-dus-plastik-stikerfragile-original-stroberi?whid=0
160;https://www.tokopedia.com/cozinaja/spikoe-resep-kuno-100-original-ori?whid=0
161;https://www.tokopedia.com/ernaratnawati30/nastar-keju?whid=0
162;https://www.tokopedia.com/jktsnackhouse/pia-eiji-rasa-coklat-keju-asli-bali-mirip-pia-legong-coklat?whid=0
163;https://www.tokopedia.com/chypystorehouse/pia-mangkok-khas-malang-isi-12-kacang-ijo?whid=0
164;https://www.tokopedia.com/nutrimartid/tropicana-slim-hokkaido-cheese-cookies-nutty-chocolate-cookies?src=topads
165;https://www.tokopedia.com/cocokaka/fudgy-brownie-cookies-cocokaka?src=topads
166;https://www.tokopedia.com/kriukjaya/kue-nastar-wisman-spesial?whid=0
167;https://www.tokopedia.com/maruxjerico/dark-chocolate-cookies?whid=0
168;https://www.tokopedia.com/grandpas-store/kue-prancis-apple-pie-grandpas?whid=0
169;https://www.tokopedia.com/piamangkokonline/kue-pia-cap-mangkok-isi-12-kacang-hijau?whid=0
170;https://www.tokopedia.com/nutrimartid/triple-pack-tropicana-slim-korean-garlic-butter-cookies-5-sch?whid=0
171;https://www.tokopedia.com/nutrimartid/tropicana-slim-hokkaido-cheese-cookies-5-sch-sugar-free?src=topads
172;https://www.tokopedia.com/officialkartika/cheese-roll?src=topads
173;https://www.tokopedia.com/curate/lemonilo-brownies-crispy-rasa-chocochips-keju-cemilan-diet-sehat-chocochips
174;https://www.tokopedia.com/endorphinsid/green-tea-latte-cookie?src=topads
175;https://www.tokopedia.com/royalhealthfood/ladang-lima-pumpberry-cookies-180-gr?whid=0
176;https://www.tokopedia.com/kuebakuljunilaw/kue-keranjang-juni-law-tanpa-box?whid=0
177;https://www.tokopedia.com/chipschat/best-new-york-city-nutella-stuffed-cookies-with-chocolate-chips-enak?whid=0
178;https://www.tokopedia.com/tatasnacks/almond-crispy-cheese-wisata-rasa-surabaya-choco?whid=0
179;https://www.tokopedia.com/kangenrasaoleh2/bakpia-kurniasari-keju?whid=0
180;https://www.tokopedia.com/mycookiesshop/kue-kering-ina-cookies-500-gram-varian-asin-khusus-gojek-nastar-keju?whid=0
181;https://www.tokopedia.com/mondemart/monde-fried-cookies-200gr?whid=0
182;https://www.tokopedia.com/bababakesheep-1/baba-bake-sheep-premium-milk-cake?whid=0
183;https://www.tokopedia.com/endorphinsid/nutella-molten-original-cookies?whid=0
184;https://www.tokopedia.com/sophieauthent/canele-mini-kue-manis-box-isi-15?whid=0
185;https://www.tokopedia.com/steletecake/chocolate-fudge-birthday-cake-ukuran-20-cm-kue-ulang-tahun-ultah?whid=0
186;https://www.tokopedia.com/momoirobakes/chizu-pillow-cake?whid=0
187;https://www.tokopedia.com/steletecake/birthday-cake-kue-ulang-tahun-diameter-16-cm-murah-meriah?whid=0
188;https://www.tokopedia.com/krispykremeoffic/1-lusin-krispy-kreme-original-glazed-doughnut?whid=0
189;https://www.tokopedia.com/harvest-cakes/the-harvest-thai-tea-slice-cake?whid=0
190;https://www.tokopedia.com/dominocakecatering/mini-cake-cake-ultah-mini-kue-ulang-tahun-unicorn-birthday-cake?whid=0
191;https://www.tokopedia.com/ylshoping/kue-kou-kue-koya?whid=0
192;https://www.tokopedia.com/ergu/san-sebastian-basque-burnt-cheesecake-cheese-cake-small?whid=0
193;https://www.tokopedia.com/steletecake/donat-kentang-donut-huruf-ulang-tahun-birthday-murah-enak?whid=0
194;https://www.tokopedia.com/almondtree-cakes/almondtree-cakes-party-cake-d20?whid=0
195;https://www.tokopedia.com/annsbakehouse/tres-leches-slice-9a93?whid=0
196;https://www.tokopedia.com/mama-dskitchen/carrot-cake-with-cream-cheese-frosting-medium-size?whid=0
197;https://www.tokopedia.com/daisy-cakery1412/kue-klepon-mini-klepon-cake-kue-tradisional?whid=0
198;https://www.tokopedia.com/ylshoping/kue-jipang-thay-hoeng?whid=0
199;https://www.tokopedia.com/donbakeshop/don-bakeshop-marble-cake-marmer-cake-kue-marmer?whid=0
200;https://www.tokopedia.com/voucher-hotel-5/kue-ulang-tahun-birthday-cake-made-in-hotel-5-chocolate?src=topads
201;https://www.tokopedia.com/sophiesallystore/siomay-tart-siomay-ulang-tahun-siomay-ikan-siomay-tart?whid=0
202;https://www.tokopedia.com/izakitchen/sushi-kue?src=topads
203;https://www.tokopedia.com/jbeveragestore/zoda-250-ml?whid=0
204;https://www.tokopedia.com/samwonshop/soft-drink-hata-ramune-minum-soda-asli-jepang-hata-ramune-200-ml-strawberry?whid=0
205;https://www.tokopedia.com/japan-store/hata-ramune-uji-matcha-limited-edition-soda-jepang-tutup-kelereng?whid=0
206;https://www.tokopedia.com/sumberjayagglbr/coca-cola-zero-330-ml?whid=0
207;https://www.tokopedia.com/sumberjayagglbr/schweppes-tonic-water-330-ml?whid=0
208;https://www.tokopedia.com/asfrozen/aw-rootbeer-a-w-root-beer-aw-root-beer-sarsaparila-1dus-24pcs-330ml?whid=0
209;https://www.tokopedia.com/hendrysbeverage/schweppes-ginger-ale?whid=0
210;https://www.tokopedia.com/jetro-official/soft-drink-hata-ramune-matcha-200-ml-minuman-jepang?src=topads
211;https://www.tokopedia.com/tokominah88/tokominah-fanta-soda-water-murni-250ml-12botol?whid=0
212;https://www.tokopedia.com/sumberjayagglbr/a-w-rasa-sarsapalila-330ml?whid=0
213;https://www.tokopedia.com/japan-store/hata-ramune-strawberry-minuman-soda-tutup-kelereng-rasa-strawberry?whid=0
214;https://www.tokopedia.com/yeosofficialshop/yeo-s-sarang-burung-bird-nest-can-300ml-6-pcs?whid=0
215;https://www.tokopedia.com/japan-store/sangaria-ramune-bottle-grape-500-ml?whid=0
216;https://www.tokopedia.com/yeosofficialshop/yeo-s-grass-jelly-can-300ml-6-pcs?whid=0
217;https://www.tokopedia.com/japan-store/tomomasu-peach-ramune-cider-300-ml-sparkling-cider?whid=0
218;https://www.tokopedia.com/geraicantiqu/ms-black-ms-slim-drink-plus-tumbler-by-ms-glow?whid=0
219;https://www.tokopedia.com/rizkypizzahome/mochi-roll-kue-mochi-orijinal-mochi-wijen-mochi-gulung-kue-oleh-oleh?src=topads
220;https://www.tokopedia.com/farmastocks/cadbury-dairymilk-original-malaysi?src=topads
221;https://www.tokopedia.com/supplierbubukminuman/bubuk-minuman-belgian-chocolate-powder-cocoa-cokelat-premium-coklat?src=topads
222;https://www.tokopedia.com/premiumfood/cy-choco-double-hot-chocolate?whid=0
223;https://www.tokopedia.com/grosirsusuln/chekhup-kokoo-hazelnut?whid=0
224;https://www.tokopedia.com/rizkypizzahome/mochi-roll-kue-mochi-orijinal-mochi-wijen-mochi-gulung-kue-oleh-oleh?whid=0
225;https://www.tokopedia.com/multifood/dark-cocoa-nestle-alegria-bubuk-coklat-nestle?whid=0
226;https://www.tokopedia.com/littleangels/swiss-miss-chocolatte-drink-marshmallow?whid=0
227;https://www.tokopedia.com/maymonstore/beng-beng-drink-1-renceng-10-sachet?whid=0
228;https://www.tokopedia.com/sinarterangregen/delfi-hot-cocoa-indulgence-minuman-coklat-bubuk-3in1-instant-drink?whid=0
229;https://www.tokopedia.com/cs-food/cs-food-choco-malt-drink-175g?src=topads
230;https://www.tokopedia.com/shui-mart/cadburry-cadbury-minuman-coklat-3-in-1-hot-chocolate-drink-3in1?src=topads
231;https://www.tokopedia.com/ot-store/don-pedro-tango-drink-250ml-bundle-4-pcs?src=topads
232;https://www.tokopedia.com/gazafiesca/restock-juta-juice-sweet-mango-100ml-authentic-100-nic3mg?whid=0
233;https://www.tokopedia.com/rent-apartemen/lemovita-jus-lemon-murni-100-250ml-jus-diet-langsing?src=topads
234;https://www.tokopedia.com/p34shop/100-ekstrak-sari-lemon-murni-500ml-tanpa-pengawet-diet-langsing-usaha?src=topads
235;https://www.tokopedia.com/lemonevaofficial/lemoneva-sari-lemon-original-solusi-diet-100-pure-lemon?src=topads
236;https://www.tokopedia.com/sesaofficial/sesa-beverages-berries-protein-shake-smoothies?whid=0
237;https://www.tokopedia.com/sejahterabadi/ready-lemovita-sari-lemon-murni-250ml?whid=0
238;https://www.tokopedia.com/gazafiesca/lcl-juice-100ml-authentic-100-tiramisucofemil?whid=0
239;https://www.tokopedia.com/deandrefruit/promo-murah-jus-celery-stick-import-1-liter-juice-seledri-stik?whid=0
240;https://www.tokopedia.com/fat-grandma/jus-kedondong-kiamboy?whid=0
241;https://www.tokopedia.com/faatihstore1/toza-juice-jus-5-ltr-all-varian-khusus-grab-gojek?whid=0
242;https://www.tokopedia.com/wakewake/wake-wake-juice?whid=0
243;https://www.tokopedia.com/aluzzchampernik/sari-lemon-250-ml-premium-fresh-pure-best-seller-murni-peras?whid=0
244;https://www.tokopedia.com/rawcoco-hq/paket-4x-coco-ijo-250ml-air-kelapa-hijau-murni?src=topads
245;https://www.tokopedia.com/secercahkopi/yakult-series-1-liter-lemon-leci-strawberry-mango-leci?src=topads
246;https://www.tokopedia.com/alamudhy/aqiilah-fresh-sari-lemon-500ml?whid=0
247;https://www.tokopedia.com/herbal-indonesia/lemona-air-sari-lemon-untuk-kesehatan-diet-jus-asli-original?whid=0
248;https://www.tokopedia.com/wonka-id/ocean-spray-cranberry-classic-juice-fruit-jus-buah-import-usa?whid=0
249;https://www.tokopedia.com/aljabarproject/super-promo-sari-jeruk-lemon-500ml-diet-elowrie-100-jeruk-lemon?whid=0
250;https://www.tokopedia.com/jconia/jus-bawang-putih-tunggal-jahe-merah-cuka-apel-lemon-dan-madu?whid=0
251;https://www.tokopedia.com/sarwendahjuice/jus-sarwendah-herbal-sarwendahjuice-sarwendah-juice?whid=0
252;https://www.tokopedia.com/tantesayurnih/jus-jeruk-fresh-500ml?whid=0
253;https://www.tokopedia.com/wakewake/wake-wake-jus-pouch?whid=0
254;https://www.tokopedia.com/kingdurian84/jus-durian-shake-durian-daging-durian?whid=0
255;https://www.tokopedia.com/wakewake/wake-wake-mix-10-pouch?whid=0
256;https://www.tokopedia.com/avieprobiotic/enchanting-strawberry-minuman-probiotik-sehat-water-kefir?whid=0
257;https://www.tokopedia.com/sukandahome/kullamust-juice-apple-jus-apel-murni-100-250-ml?whid=0
258;https://www.tokopedia.com/bangazra/jus-toza-5-liter-strawberry?whid=0
259;https://www.tokopedia.com/dewiellisanti-90/vico-bagoes-vco-virgin-coconut-oil-minyak-kelapa-500ml?src=topads
260;https://www.tokopedia.com/reeboo-coffee/jahe-merah-bubuk-original-cangkir-mas?src=topads
261;https://www.tokopedia.com/kawansehat/bekatul-dr-liem-200gr-100-kulit-ari-beras-rice-bran?src=topads
262;https://www.tokopedia.com/jahemeraherbal/bubuk-jahe-merah-gula-jawa-instan-1kg?whid=0
263;https://www.tokopedia.com/trendycenter/jahe-merah-super-plus-gula-aren-secang-habbatusaudah-jahe-instan-1kg?whid=0
264;https://www.tokopedia.com/omahcraft/wedang-uwuh-komplit-tinggal-sedu-empon-empon-ekstrak-jahe-isi-10pcs-komplt-kapulaga?whid=0
265;https://www.tokopedia.com/jahemerah/jahe-merah-cangkir-mas-plus-kunyit-temulawak?whid=0
266;https://www.tokopedia.com/jahemerah/jahe-merah-original?whid=0
267;https://www.tokopedia.com/namasteorganic/hearty-potion-330ml?whid=0
268;https://www.tokopedia.com/omahcraft/produksi-langsung-wedang-uwuh-empon-komplit-menerima-partai-besar-tanpa-gula?whid=0
269;https://www.tokopedia.com/believed/bekatul-dr-liem?whid=0
270;https://www.tokopedia.com/househerbal/vico-bagoes-vco-virgin-coconut-oil-minyak-kelapa-1-liter?whid=0
271;https://www.tokopedia.com/ukmbuetik/oleh-oleh-jogja-wedhang-wedang-uwuh-minuman-tradisional-asli-imogiri-jahe-basah-spes?whid=0
272;https://www.tokopedia.com/alamudhy/indonesia-fresh-sari-lemon-500ml?whid=0
273;https://www.tokopedia.com/dewiellisanti-90/vico-bagoes-vco-virgin-coconut-oil-minyak-kelapa-1-liter?whid=0
274;https://www.tokopedia.com/ukmbuetik/wedang-uwuh-imogiri-ekonomis?whid=0
275;https://www.tokopedia.com/boosterfactory/seleros-madu-serbuk-aturan-diskon-lihat-di-deskripsi?whid=0
276;https://www.tokopedia.com/toko-farrahmandiri/air-zam-zam-1-liter-persen-asli?whid=0
277;https://www.tokopedia.com/hydrofarm-indo/suka-garlic-power-jus-bawang-putih-herbal-350ml?whid=0
278;https://www.tokopedia.com/liesjamu/jamu-temulawak-jahe-kunyit-sereh-kayu-manis-gula-merah-1liter?src=topads
279;https://www.tokopedia.com/jamubuhar/jamu-bu-har-kunyit-asem-beras-kencur-temulawak-gula-jahe-1000ml-beras-kencur?src=topads
280;https://www.tokopedia.com/homelabid/paket-bird-s-nest-sarang-burung-walet-10-botol-100-asli?src=topads
281;https://www.tokopedia.com/b7official/bejo-susu-jahe-merah-sujamer-4-pack-20-sachet-free-gelas?src=topads
282;https://www.tokopedia.com/jagapati/east-bali-cashews-rosella-hibiscus-tea-35gr-teh-rosella-herbal?src=topads
283;https://www.tokopedia.com/berkahtani10/jamu-campur-temulawak-jahe-kunir-dan-kunyit-instan-tanpa-ampas-200-gra?whid=0
284;https://www.tokopedia.com/ayz-shop/minuman-triple-lidah-buaya-trisan-leci?whid=0
285;https://www.tokopedia.com/bestsellerstores/wedang-uwuh-seroja-sereh-rosella-jahe-komplit-dengan-gula-batu?whid=0
286;https://www.tokopedia.com/wwwtorbanguncom/teh-bunga-telang-terampuh-mengobati-gangguan-penglihatan-10-gram?whid=0
287;https://www.tokopedia.com/bellavshop/2-dus-pristine-water-1500ml-24-botol?whid=0
288;https://www.tokopedia.com/stockistblesstea/blesstea-bless-tea-blestea-blessteh-bless-teh-teh-hitam-1?whid=0
289;https://www.tokopedia.com/dailyorganix/hearty-potion-330-ml-namaste-organic?whid=0
290;https://www.tokopedia.com/goldentree88/paket-peach-gum-premium-6-porsi-peachgum-viral-original-sehat-collagen?src=topads
291;https://www.tokopedia.com/hydratherajkt/hydra-thera-natural-mineral-water-6-x-2000-ml?whid=0
292;https://www.tokopedia.com/fadilahfreshmilk/susu-pasteurisasi?whid=0
293;https://www.tokopedia.com/dismak/sekoteng-anggur?whid=0
294;https://www.tokopedia.com/handpicked/air-kelapa-hijau-segar-fresh-green-coconut-water-prau-premium-500ml?whid=0
295;https://www.tokopedia.com/dismak/sekoteng-abc?whid=0
296;https://www.tokopedia.com/jengtik/teh-bunga-telang-curah-bunga-telang?src=topads
297;https://www.tokopedia.com/agt/syrup-merk-denali?src=topads
298;https://www.tokopedia.com/finsrecipe/kue-ager-fins-recipe?src=topads
299;https://www.tokopedia.com/bakingmarttanger/gula-aren-cair-asli-1lt-brown-sugar-aren-palm-sugar-syrup-ready?whid=0
300;https://www.tokopedia.com/mozakitchen/tenderloin-steak-premium?whid=0
301;https://www.tokopedia.com/waletkuindonesia/boba-tapioca-pearl-premium?whid=0
302;https://www.tokopedia.com/maknacoffee/premium-shake-latte-1000ml-unsweetened?whid=0
303;https://www.tokopedia.com/juragandaging/vegetables-mix-4-1-kg-super-high-quality?whid=0
304;https://www.tokopedia.com/samwonshop/samwon-tteokbokki-tokpoki-4-ons-400-gr?whid=0
305;https://www.tokopedia.com/namasteorganic/jamon-330ml?whid=0
306;https://www.tokopedia.com/suasanak/manis-lembut?whid=0
307;https://www.tokopedia.com/herbavera-site/pelepah-batang-lidah-buaya-aloevera?whid=0
308;https://www.tokopedia.com/bell11/anggur-perjamuan-kudus-hosti-roti-perjamuan-kudus-polos?whid=0
309;https://www.tokopedia.com/herbavera-site/lidah-buaya-aloevera-kupas-500-gram?whid=0
310;https://www.tokopedia.com/lucecoffee/kopi-java-robusta-dampit-900gr-luce-coffee-biji-atau-bubuk-biji-meddark?whid=0
311;https://www.tokopedia.com/almiraolshop13/kurma-raja-sukari-sukkari-kemasan-3-kg-asli-original?whid=0
312;https://www.tokopedia.com/wkshop/kulit-sambosa-samosa-sedang-28-cm-x-7-8-cm-isi-25-lembar?whid=0
313;https://www.tokopedia.com/duacoffeeshop/kopi-susu-kedua?whid=0
314;https://www.tokopedia.com/pohondotnatal/hosti-ayat-manna-roti-perjamuan-anggur-perjamuan-kudus-cup?whid=0
315;https://www.tokopedia.com/realfood/realfood-forever-young-program-12-hari?src=topads
316;https://www.tokopedia.com/wong-coco/wong-coco-nata-de-coco-cocopandan-1kg?src=topads
317;https://www.tokopedia.com/mlidjo/bawang-merah-goreng-brambang-goreng-75gr?whid=0
318;https://www.tokopedia.com/bawanggorengaqilla/bawang-goreng-asli-brebes-200gr?src=topads
319;https://www.tokopedia.com/bawanggorengrady/bawang-goreng-khas-brebes?src=topads
320;https://www.tokopedia.com/quatrehouse/bawang-goreng-250-gram-sumenep?src=topads
321;https://www.tokopedia.com/bawanggorengrady/bawang-goreng-khas-brebes?whid=0
322;https://www.tokopedia.com/brambanginaja/bawang-goreng-premium-brambang-premium-fried-shallots?whid=0
323;https://www.tokopedia.com/nymelinda/bawang-goreng-250-gram?whid=0
324;https://www.tokopedia.com/bawanggorengrady/bawang-goreng-brebes-1-kg?whid=0
325;https://www.tokopedia.com/riskijayabawang/bawang-goreng-murni-1-kg?whid=0
326;https://www.tokopedia.com/bawanggorengrady/bawang-goreng-asli-brebes-murni-100-500-gram?whid=0
327;https://www.tokopedia.com/bawanggorengrady/bawang-goreng-asli-brebes-gurih-dan-renyah-1-kilogram?whid=0
328;https://www.tokopedia.com/agen-bawang-goreng-masyo/bawang-goreng-1-kg?whid=0https://www.tokopedia.com/quatrehouse/bawang-goreng-500-gram-sumenep?whid=0
329;https://www.tokopedia.com/indokuliner/buy-1-get-1-bawang-merah-goreng-palu-100-gr?whid=0
330;https://www.tokopedia.com/buwiek/bawang-goreng-super?whid=0
331;https://www.tokopedia.com/indokuliner/bawang-merah-goreng-brebes-175-gr?whid=0
332;https://www.tokopedia.com/nutriliv/nutriliv-bawang-merah-oven-panggang-tidak-digoreng-baked-shallot-chips?whid=0
333;https://www.tokopedia.com/nabesembako/bawang-goreng-bj-100gr-1?whid=0
334;https://www.tokopedia.com/agen-bawang-goreng-masyo/bawang-goreng-oven-250-gram-no-minyak
335;https://www.tokopedia.com/tiara-farm/bawang-goreng-telor-asin-85-g-pedas-tiara-farm?src=topads
336;https://www.tokopedia.com/riskijayabawang/bawang-goreng-murni-1-kg?src=topads
337;https://www.tokopedia.com/agen-bawang-goreng-masyo/bawang-goreng-curah-1kg?whid=0
338;https://www.tokopedia.com/agen-bawang-goreng-masyo/bawang-putih-goreng-murni-asli?whid=0
339;https://www.tokopedia.com/sayursegar-id/bawang-goreng-100g?whid=0
340;https://www.tokopedia.com/unclecun/bawang-putih-kating-goreng-130gr?src=topads
341;https://www.tokopedia.com/buwiek/abon-ayam-pedas-250gram?src=topads
342;https://www.tokopedia.com/merissa/abon-sapi-asli-manis?src=topads
343;https://www.tokopedia.com/merissa/abon-sapi-asli-manis?whid=0
344;https://www.tokopedia.com/buwiek/abon-sapi-legendaris-mesran-solo-manis?whid=0
345;https://www.tokopedia.com/indokuliner/buy-1-get-1-abon-sapi-supreme-asli-100-gram-2a2b?whid=0
346;https://www.tokopedia.com/grandvillefood/grandville-abon-triple-pack-original?whid=0
347;https://www.tokopedia.com/delifoods/abon-sapi-cap-ratu?whid=0
348;https://www.tokopedia.com/buwiek/abon-sapi-legendaris-mesran-solo-manis?src=topads
349;https://www.tokopedia.com/ad1ek/abon-sapi-super-cap-elang-250-gram-manis?whid=0
350;https://www.tokopedia.com/tokoberkahikan/abon-sapi-cap-ratu-asli-90-gram?whid=0
351;https://www.tokopedia.com/mamasukaofficial/bundling-mamasuka-paket-hemat-bon-nori-60-gr-3-pcs?whid=0
352;https://www.tokopedia.com/tigajosuperstore/gloria-abon-sapi-250-gr-original-bawang-pedas-bawang?whid=0
353;https://www.tokopedia.com/abongloriasby/abon-sapi-gloria-original-250g?whid=0
354;https://www.tokopedia.com/winmaru/katsuobushi-serut-lokal-100-gram?whid=0
355;https://www.tokopedia.com/greenaraid/abon-nafisa-organik-non-msg-abon-bayi-makanan-mpasi-anak-tuna-manis?whid=0
356;https://www.tokopedia.com/rumahsemar/abon-sapi-mesran-solo-pedas?whid=0
357;https://www.tokopedia.com/thelittlesnacks/ikan-teri-crispy-krispi-goreng-tepung-non-msg-si-bonbon-teri-nasi?src=topads
358;https://www.tokopedia.com/utifasya/ikan-roa-ikan-roa-utuh-1-gepe-isi-20-ekor-roa-asap-roa?src=topads
359;https://www.tokopedia.com/grasiostore/ebi-udang-kering-merah-tanpa-kulit-grade-a-250-gr?src=topads
360;https://www.tokopedia.com/cakalangfufu99/cakalang-fufu-suwir?src=topads
361;https://www.tokopedia.com/ikanasinl/ebi-kalimantan-super?src=topads
362;https://www.tokopedia.com/cakalangfufu99/cakalang-fufu-suwir?whid=0
363;https://www.tokopedia.com/toko-berkah-sembako/ebi-udang-kering-100gram?whid=0
364;https://www.tokopedia.com/berkah-terang/kulit-tahu-quality-super-50gr?whid=0
365;https://www.tokopedia.com/bunbunsnack/ikan-pari-asap-bagian-sirip?whid=0
366;https://www.tokopedia.com/tariganmedan/ikan-sale-lele-asap?whid=0
367;https://www.tokopedia.com/berkah-terang/jambal-roti-daging-potong-super-250gr-jambal-exsport?whid=0
368;https://www.tokopedia.com/sumberlaut-1/ikan-asin-baby-cumi-kering-per-500gr?whid=0
369;https://www.tokopedia.com/rokibstore/termurah-cumi-kering-asin-kualitas-super-1-kg?whid=0
370;https://www.tokopedia.com/visshop/ikan-teri-medan-kualitas-super-1?whid=0
371;https://www.tokopedia.com/jualikanasinlaut/udang-rebon-tawar-kering-43rb-1kg?whid=0
372;https://www.tokopedia.com/cakalangfufunyak/cakalang-fufu-asap-kemasan-vakum?whid=0
373;https://www.tokopedia.com/ciujayasembako/udang-kering-ebi-kering-ebi-pontianak?whid=0
374;https://www.tokopedia.com/willmart88-1/rumput-laut-kering-50-gram-cichai?whid=0
375;https://www.tokopedia.com/ikanasinmedan/ikan-asin-kerupuk-45000500-gram?whid=0
376;https://www.tokopedia.com/kshsanto/ikan-asin-deng-deng-japu-manis-1kg?whid=0
377;https://www.tokopedia.com/sumberlaut-1/ebi-udang-kupas-kering-per-500gr?whid=0
378;https://www.tokopedia.com/abadi-murni/ikan-asap-pari?whid=0
379;https://www.tokopedia.com/kizokukin-05/manjun-yaki-sushi-nori-50-sheet-1?whid=0
380;https://www.tokopedia.com/krupind/kerupuk-krupuk-udang-ny-siok-oval-500gr-krupind?src=topads
381;https://www.tokopedia.com/jpietershop/kerupuk-kulit-babi?src=topads
382;https://www.tokopedia.com/aladinsupplier/nori-manjun-yaki-sushi-nori-economy-grade-50-sheet?src=topads
383;https://www.tokopedia.com/krupind/kerupuk-krupuk-udang-ny-siok-oval-500gr-krupind?whid=0
384;https://www.tokopedia.com/aladinsupplier/nori-manjun-yaki-sushi-nori-economy-grade-50-sheet?whid=0
385;https://www.tokopedia.com/dapurnomo/6-3-rumput-laut-nori-seaweed-olive-oil-korea-chung-jung-one?whid=0
386;https://www.tokopedia.com/toko-berkah-sembako/kim-cam-kimcam-bunga-sedap-malam-kering-100-gram?whid=0
387;https://www.tokopedia.com/alilafood/paket-kerupuk-termurah-isi-7-bks-varian-kerupuk-palembang-tenggiri?whid=0
388;https://www.tokopedia.com/winmaru/manjun-sushi-nori-economy-grade-seaweed-rumput-laut-50-sheets-lembar?whid=0
389;https://www.tokopedia.com/toko-mur-en/kerupuk-krupuk-udang-ny-siok-500-gr-mur-en?whid=0
390;https://www.tokopedia.com/2mata/krupuk-kemplang-panggang-bangka-kualitas-super?whid=0
391;https://www.tokopedia.com/moshisnacks/kemplang-panggang-33-bantet-bulat-besar-kerupuk-bangka?whid=0
392;https://www.tokopedia.com/kelitmoobypakdewaginu/kerupuk-kulit-sapi-gurih-500g?whid=0
393;https://www.tokopedia.com/waletcrackres/kerupuk-krupuk-asli-udang-rwm-khas-rengasdengklok-karawang-500gram?whid=0
394;https://www.tokopedia.com/tokobenua/makaroni-kondang-enak-1kg?whid=0
395;https://www.tokopedia.com/arulkering/emping-melinjo-mentah-1000-gram-original?whid=0
396;https://www.tokopedia.com/yohangunawan94/kerupuk-udang-padi-kapas?whid=0
397;https://www.tokopedia.com/oleh2lumba2/kerupuk-gendar-bawang-bintang-merpati-puli-karak-krupuk-beras-nasi-asin?whid=0
398;https://www.tokopedia.com/tiarasnackbangka/getas-ikan-tenggiri-1?whid=0
399;https://www.tokopedia.com/pabrikkerupuk/kerupuk-kemplang-palembang-ikan-tenggiri-super-bm?whid=0
400;https://www.tokopedia.com/kerupuka3/kemplang-mini-ikan-tenggiri-kerupuk-mini-super-kemplang-koin-palembang?whid=0
401;https://www.tokopedia.com/cakraton/kerupuk-rambak-mentah-kulit-sapi-asli-500gram-bentuk-kotak?whid=0
402;https://www.tokopedia.com/bliputu/rambak-kerupuk-kulit-babi-lariss-by-rejeki-150gr?whid=0
403;https://www.tokopedia.com/premapie/krupuk-samcan-kulit-babi-rejeki-khas-bali-200-gr?whid=0
404;https://www.tokopedia.com/waletcrackres/kerupuk-krupuk-bawang-putih-1kg?whid=0
405;https://www.tokopedia.com/baliindahctrg/kering-tempe-kacang-pedas-no-msg?whid=0
406;https://www.tokopedia.com/toko-mur-en/kerupuk-krupuk-bawang-ny-siok-mur-en?whid=0
407;https://www.tokopedia.com/nourishindonesia/coconut-flakes-kelapa-parut-kering-250gr?whid=0
408;https://www.tokopedia.com/jjvege/kulit-kembang-tahu-kering?whid=0
409;https://www.tokopedia.com/sumberikanasin/kerupuk-udang-padi-kapas-super-udang?whid=0
410;https://www.tokopedia.com/elanggajaya/karak-valentin-1-pak-isi-10-kemasan-kerupuk-puli-mentah-aneka-rasa?whid=0
411;https://www.tokopedia.com/meteee/manisan-kiamboy-kiamboi-merah-dan-putih-merah?whid=0
412;https://www.tokopedia.com/golden-cakery/kerupuk-kulit-sapi-krupuk-jangek-krupuk-rambak-kerupuk-250-gram?whid=0
413;https://www.tokopedia.com/ngemildotcom/kerupuk-tahu-250gr-kerupuk-tahu-bulat-kerupuk-tahu-kiloan?whid=0
414;https://www.tokopedia.com/ozeshop/kerupuk-kulit-sapi-mentah-1-kg-asli-jangek-dorokdok-krecek?whid=0
415;https://www.tokopedia.com/snackjakarta411/kerupuk-mie?whid=0
416;https://www.tokopedia.com/maksera/kremes-ayam-kriuk-maksera-300gram?whid=0
417;https://www.tokopedia.com/pempeknini/kemplang-kerupuk-panggang-bakar-ikan-tenggiri-asli-palembang?whid=0
418;https://www.tokopedia.com/rosiestore-1/kacang-oven-mak-enak?src=topads
419;https://www.tokopedia.com/grandpas-store/kue-canele-1-box-isi-5-pieces-grandpas?src=topads
420;https://www.tokopedia.com/serbamurahkan/glico-cheeza-crackers-rasa-keju-dari-jepang-camembert?whid=0
421;https://www.tokopedia.com/bintangterang79/snack-tricks-baked-kentang-kimchi-original-rendang-asian-bbq-kimchi?whid=0
422;https://www.tokopedia.com/cemilku/meiji-plain-crackers-104-gr-import-singapore-crackers-oat?whid=0
423;https://www.tokopedia.com/habicup/biscuit-lotus-biscoff-250-gr-biskuit-lotus-caramel-cookie?whid=0
424;https://www.tokopedia.com/w2fithealthy/w2fit-biskuit-tiramisu-biscuit-lady-finger-vicenzovo-200-gr?whid=0
425;https://www.tokopedia.com/jualtasoriginal/momogi-snack-isi-20-pcs-x-8gram?whid=0
426;https://www.tokopedia.com/maxleecollection/hup-seng-cream-crackers-sugar-crackers-vegetable-crackers-428-grm-cream-tanpa-bubble?whid=0
427;https://www.tokopedia.com/busytanias/gabin-tape-original-gabin-tape-coklat-premium-1-box-original?whid=0
428;https://www.tokopedia.com/loganma/monde-egg-drop-drops-110-gr-110gr?whid=0
429;https://www.tokopedia.com/mondemart/monde-serena-snack-gold-50gr?whid=0
430;https://www.tokopedia.com/ot-store/klop-saluto-cheese-19g?whid=0
431;https://www.tokopedia.com/mondemart/monde-potato-boro-green-110-gr?whid=0
432;https://www.tokopedia.com/kriukjaya/biskuit-gem-rose?whid=0
433;https://www.tokopedia.com/bakingstoretangerang/corniche-mini-marshmallow-200-gram?src=topads
434;https://www.tokopedia.com/dismak/permen-jahe-special-61?whid=0
435;https://www.tokopedia.com/lfk/10g-sprinkle-gold-mutiara-bintang-pearl-sugar-kue-dekorasi-hiasan-cake?src=topads
436;https://www.tokopedia.com/lfk/30g-sprinkle-star-moon-pearl-lebaran-mix-hiasan-topper-kue-sugar-cake?src=topads
437;https://www.tokopedia.com/pardosa/permen-aneka-rasa-assortef-candy-netto-750gram?src=topads
438;https://www.tokopedia.com/flonel/permen-alba-pastillespastiles-original?whid=0
439;https://www.tokopedia.com/w-jayastore/permen-buah-dosmc-rasa-kiamboi-vit-c?whid=0
440;https://www.tokopedia.com/kriukjaya/permen-asam-jawa?whid=0
441;https://www.tokopedia.com/momogoid/corniche-mini-pink-white-marshmallow-200gr?whid=0
442;https://www.tokopedia.com/manna-manna/permen-jelly-jeruk-per-500-gr-naraya?whid=0
443;https://www.tokopedia.com/grosirsnack/permen-asem-100gr-manisan-asem-jawa?whid=0
444;https://www.tokopedia.com/grosirsnack/permen-jahe-premium-100gr?whid=0
445;https://www.tokopedia.com/tokonesiashop/permen-lolipop-rainbow-mini-4-cm-banyak-model?src=topads
446;https://www.tokopedia.com/duta-snacks/permen-susu-white-rabbit-500gr?whid=0
447;https://www.tokopedia.com/archive-europeanvibesid/cajuputs-candy-pouches-original-permen-rasa-minyak-kayu-putih-mix?whid=0
448;https://www.tokopedia.com/namasteorganic/wedderspoon-organic-manuka-honey-pops-1-pcs?whid=0
449;https://www.tokopedia.com/nourishindonesia/wedderspoon-organic-manuka-honey-pops-for-kids-1pc-pop?whid=0
450;https://www.tokopedia.com/gohsurono/permen-hack-jamin-cough-drop?whid=0
451;https://www.tokopedia.com/nusantaralestarii/permen-hacks-250-gram?whid=0
452;https://www.tokopedia.com/momogoid/corniche-mini-pink-white-marshmallow-1kg?whid=0
453;https://www.tokopedia.com/rokubento/homemade-pudding-kembang-tahu-dessert?src=topads
454;https://www.tokopedia.com/hikmaherbal/kurma-date-crown-khenaizi-1kg?src=topads
455;https://www.tokopedia.com/multiindosuppl/rainbow-jelly-1kg?src=topads
456;https://www.tokopedia.com/chazone/rainbow-jelly-21l?whid=0
457;https://www.tokopedia.com/myanekastore/jelly-mutiara-bubble-air-super-aneka-jelly-kemasan-1000gr?whid=0
458;https://www.tokopedia.com/nayfa99/moiaa-silky-puding-1kg?whid=0
459;https://www.tokopedia.com/devica/cincau-moerni-cincau-hijau-asli-tanpa-pengawet-gula-putih?whid=0
460;https://www.tokopedia.com/novirecipe/pungat-kolak-pontianak?whid=0
461;https://www.tokopedia.com/henzhop888/bobatee-tapioca-pearl-bobatee-tapioka-pearl-boba-bubble-topioka?whid=0
462;https://www.tokopedia.com/3fretail/jeli-inaco-isi-5-75-gram-dengan-nata-de-coco-jelly-inaco?whid=0
463;https://www.tokopedia.com/chatimeindonesia/chatime-topping-pearl?whid=0
464;https://www.tokopedia.com/s4op13-shop/inaco-jelly-kiloan-inaco-curah-mix-fruituit?whid=0
465;https://www.tokopedia.com/baliindahctrg/kremesan-deliki?whid=0
466;https://www.tokopedia.com/centoshop/kentang-mustofa-kering-kentang-kering-teri-cemilan-kue-lebaran?src=topads
467;https://www.tokopedia.com/dapoeroetiori/keripik-tempe-kiloan-1kg?src=topads
468;https://www.tokopedia.com/thelittlesnacks/kering-kentang-mustofa-ibu-emi-keripik-kentang-crispy-shoestring-gurih?src=topads
469;https://www.tokopedia.com/hyta/emping-melinjo-mentah-1-kg-original?whid=0
470;https://www.tokopedia.com/kriukjaya/cheese-stick-originalspesial-home-made?whid=0
471;https://www.tokopedia.com/sajmart/kripik-usus-ayam-1kg-super?whid=0
472;https://www.tokopedia.com/sumberreejeki/rengginang-mentah-terasi-bawang-putih-ketan-hitam-kerupuk-mentah-original-putih?whid=0
473;https://www.tokopedia.com/foodist/mie-lidi-siumang-lidi-siumang-mie-lidi-si-umang-lidi-si-umang-sl-pedas-5giga?whid=0
474;https://www.tokopedia.com/cemilanyummy/sumpia-udang-manis?whid=0
475;https://www.tokopedia.com/kripikshirley/kripik-balado-shirley-panjang-250gr?whid=0
476;https://www.tokopedia.com/toserdas/kripik-paru-sapi-asli-enak-gurih-mantap?whid=0
477;https://www.tokopedia.com/sambalayamnagih/sari-ayam-kremes-ayam-nagih-asli-jakarta-toples?whid=0
478;https://www.tokopedia.com/geraisnack/maicih-level-10?whid=0
479;https://www.tokopedia.com/geraisnack/maicih-basreng?whid=0
480;https://www.tokopedia.com/healthychips/crispy-salad-mixed-tuber?whid=0
481;https://www.tokopedia.com/pempekmetro/kulit-ikan-tenggiri?whid=0
482;https://www.tokopedia.com/mamang-snacks/cokoten-grosir-dan-eceran-agen-cokoten-jakarta-original?whid=0
483;https://www.tokopedia.com/indonesiamall/kata-oma-telur-gabus-varian-keju-63gr?whid=0
484;https://www.tokopedia.com/rumahsnackid/keripik-pisang-aneka-lampung-yen-yen-manis?whid=0
485;https://www.tokopedia.com/indonesiamall/kata-oma-telur-gabus-varian-gula-aren-63gr?whid=0
486;https://www.tokopedia.com/thelittlesnacks/mamade-makaroni-homemade-bulgogi?whid=0
487;https://www.tokopedia.com/pempekcandy/pempek-candy-paket-100rb-kecil?whid=0
488;https://www.tokopedia.com/chintachink/keripik-pisang-coklat-aneka-yen-yen-lampung-kemasan-225g-coklat?whid=0
489;https://www.tokopedia.com/chintachink/stik-keju-kraft-efrata-spesial-kemasan-200g?whid=0
490;https://www.tokopedia.com/healthychips/crispy-salad-broccoli-chips-1?whid=0
491;https://www.tokopedia.com/thelittlesnacks/gandum-goreng-cemilan-sehat-snack-makanan-ringan-balado-jeruk?whid=0
492;https://www.tokopedia.com/panenrayaoleh2/keripik-singkong-malang-lumba-lumba-besar-kripik-manis-asin-asin?whid=0
493;https://www.tokopedia.com/libratagadget/mamasuka-bon-nori-rumput-laut-kering-rasa-original-60gr?whid=0
494;https://www.tokopedia.com/nastra/keripik-kentang-curah-kiloan-original?whid=0
495;https://www.tokopedia.com/lylasjkt/lylas-emping-nagih-in-pouch-550gr?whid=0
496;https://www.tokopedia.com/chintachink/keripik-minang-ante-singkong-balado-besar-kemasan-430g?whid=0
497;https://www.tokopedia.com/tintintoys/keripik-kentang-ebi-homemade-enak-berkualitas-450-gram?whid=0
498;https://www.tokopedia.com/arin-anggoro/kering-kentang-mustofa-pedas?whid=0
499;https://www.tokopedia.com/kriukjaya/kripik-singkong-rasa-keju?whid=0
500;https://www.tokopedia.com/kriukjaya/emping-pedas-manis?whid=0
501;https://www.tokopedia.com/kriukjaya/basreng?whid=0
502;https://www.tokopedia.com/cemilanyummy/gabus-keju?whid=0
503;https://www.tokopedia.com/mini-market-indo/3-keripik-singkong-pedas-sk-250-gr?whid=0
504;https://www.tokopedia.com/kriukjaya/pilus-jagung?whid=0
505;https://www.tokopedia.com/moikafood/basreng-renyah-moikafood-cemilan-bandung-murah-meriah-original?whid=0
506;https://www.tokopedia.com/oleholehbetawi/paket-oleh-oleh-khas-jakarta?whid=0
507;https://www.tokopedia.com/oleh-oleh-jogja/tiwul-instan-dan-gatot-kering?whid=0
508;https://www.tokopedia.com/ngemildotcom/mie-lidi-mi-lidi-mie-lidi-samurai-mie-lidi-asin-mie-lidi-pedas-pedas?whid=0
509;https://www.tokopedia.com/kriukjaya/pilus-ikan?whid=0
510;https://www.tokopedia.com/kedaimurmer99/keripik-tempe-tempeh-kripik-cemilan-camilan-gurih-enak-500-gr?whid=0
511;https://www.tokopedia.com/kriukjaya/stik-twis-twis-rasa-barbeque-bbq?whid=0
512;https://www.tokopedia.com/rumahsnackid/sambel-udang-suseno-original-pedes?whid=0
513;https://www.tokopedia.com/dj-s-baby-shop/keripik-pisang-manis-cap-lumba-lumba-keripik-pisang-cap-lumba-300-gr-manis-hancur?whid=0
514;https://www.tokopedia.com/nastra/keripik-kentang-tawar-bahan-salted-curah?whid=0
515;https://www.tokopedia.com/vian1/keripik-kentang-pringles-potato-chips-107gram-pringles-107gr-original?whid=0
516;https://www.tokopedia.com/toserdas/iwak-koe-wader-asin-original-ikan-goreng-gurih-asin-keripik-ikan?whid=0
517;https://www.tokopedia.com/triassic/keripik-pisang-coklat-lampung-aneka-yen-yen-cokelat?whid=0
518;https://www.tokopedia.com/maheofficial/mie-lidi-asin-mahe-tanpa-pedas?whid=0
519;https://www.tokopedia.com/p/makanan-minuman/makanan-ringan/camilan-instant
520;https://www.tokopedia.com/snacklover/kacang-mede-mete-asin-500gr?whid=0
521;https://www.tokopedia.com/rumahsemutid/kacang-kapri-tari-bali-meman-asli-300gr?whid=0
522;https://www.tokopedia.com/rumahsemutid/promo-kacang-matahari-asli-oleh-oleh-khas-bali-250gr-original?whid=0
523;https://www.tokopedia.com/toko-berkah-sembako/kacang-mede-jumbo-mentah-dari-sulawesi-500gram-jumbo?whid=0
524;https://www.tokopedia.com/kriukjaya/kacang-telur-medan?whid=0
525;https://www.tokopedia.com/snack-33/500gr-kacang-bawang-oven-asin?whid=0
526;https://www.tokopedia.com/alikurma/almond-mentah-raw-almond-super-1kg?whid=0
527;https://www.tokopedia.com/melz/kacang-almond-panggang-kupas-blue-diamond-roasted-1kg?src=topads
528;https://www.tokopedia.com/francisorganic/kacang-almond-panggang-kupas-1kg-roasted-almond-1kg-tawar?src=topads
529;https://www.tokopedia.com/legitsnack/500gr-kacang-mete-original-mede-asin-roasted-panggang-1?whid=0
530;https://www.tokopedia.com/legitsnack/kacang-mede-panggang-1-kg?whid=0
531;https://www.tokopedia.com/kesehatanvegan/almond-roasted-kacang-almond-panggang-tanpa-cangkang-size-besar-500g?whid=0
532;https://www.tokopedia.com/comextra/kacang-mede-mentah-sk1-1-kg-sulawesi-cashew-kacang-mente-mete?whid=0
533;https://www.tokopedia.com/thenutmarket/kacang-almond-panggang-original-roasted-natural-almond-1kg-termurah?whid=0
534;https://www.tokopedia.com/snackiloan/kwaci-bunga-matahari-1-kg-kuaci-rebo?whid=0
535;https://www.tokopedia.com/primarygroup/kuaci-putih-kuaci-kwaci-biji-labu-pumpkin-seeds-crisp-1-kg?whid=0
536;https://www.tokopedia.com/rumahmente/kacang-mete-mede-oven-panggang-varian-original-1kg?whid=0
537;https://www.tokopedia.com/legitsnack/mix-nuts-kacang-campur-500-gr?whid=0
538;https://www.tokopedia.com/tbkbandung/almond-slice-kacang-almond-100-gr?whid=0
539;https://www.tokopedia.com/alwayson/kacang-almond-almon-slice-mentah-import-made-in-usa-100gram?whid=0
540;https://www.tokopedia.com/kriukjaya/kacang-koro-kupas?whid=0
541;https://www.tokopedia.com/kesehatanvegan/roasted-almond-almond-kupas-panggang-1-kg?whid=0
542;https://www.tokopedia.com/francisorganic/roasted-almond-almond-panggang-almond-roasted-500gram-tawar?whid=0
543;https://www.tokopedia.com/healthycornersby/natural-trailmix-nuts-dried-fruits-kacang-buah-kering-275-gr?whid=0
